alpha,n_lags,clip_low,clip_high,t2,estimated_score
0.8999503871046898,8,0.7916357968865306,1.3900390877540276,8,0.5939227478959306
